id_activity	,id_user,Date,Hour
14,213,8/10/2020,5:31
1,13,1/7/2020,16:56
43,110,11/16/2019,8:03
59,265,12/13/2019,15:40
5,73,1/16/2020,0:17
3,65,6/11/2020,19:17
11,274,3/10/2020,1:49
3,36,5/16/2020,10:43
18,221,4/20/2020,13:54
29,156,2/16/2020,20:10
2,170,4/2/2020,1:48
95,96,12/3/2019,0:37
3,123,2/16/2020,14:59
33,296,9/16/2020,13:17
74,274,11/18/2019,18:47
85,128,1/3/2020,8:59
33,72,9/29/2020,1:55
94,244,10/12/2019,6:45
13,216,5/13/2020,21:53
87,242,3/25/2020,9:41
57,228,7/25/2020,0:38
71,219,8/20/2020,20:10
97,153,9/6/2020,9:39
99,105,10/22/2019,9:36
93,41,12/19/2019,14:47
60,186,8/1/2020,10:12
56,57,4/13/2020,16:40
11,110,10/26/2019,21:03
56,70,3/18/2020,2:47
46,152,12/18/2019,14:04
2,174,1/15/2020,20:04
94,261,2/16/2020,1:12
81,191,2/27/2020,9:36
56,30,8/28/2020,3:09
58,138,10/23/2019,4:03
12,295,4/15/2020,9:05
23,178,3/6/2020,15:50
17,118,1/26/2020,21:28
42,116,2/20/2020,23:48
32,277,3/4/2020,10:12
52,78,6/2/2020,10:34
76,266,6/27/2020,3:52
81,82,5/15/2020,16:38
4,155,1/25/2020,17:36
43,76,12/15/2019,6:50
44,152,8/18/2020,6:18
16,204,1/29/2020,18:53
19,235,1/24/2020,11:30
1,199,11/6/2019,3:30
79,159,10/2/2020,19:19
32,300,5/21/2020,18:28
59,212,7/28/2020,15:27
75,146,11/13/2019,14:45
9,91,7/7/2020,13:25
100,156,3/11/2020,21:38
16,151,11/9/2019,18:58
77,108,5/17/2020,14:37
37,57,10/6/2020,5:48
33,103,5/26/2020,19:02
12,117,12/13/2019,18:09
51,7,7/27/2020,18:59
41,81,11/20/2019,6:23
17,251,9/23/2020,6:09
100,119,12/18/2019,3:12
29,289,12/7/2019,2:17
62,286,2/8/2020,12:21
1,95,10/22/2019,2:03
78,41,9/22/2020,15:53
13,194,2/1/2020,20:28
46,143,7/6/2020,23:26
46,123,12/16/2019,9:28
16,84,12/11/2019,8:09
79,293,5/16/2020,7:59
82,64,12/10/2019,20:53
14,124,4/3/2020,7:53
92,141,5/26/2020,16:17
28,135,7/30/2020,0:40
8,98,1/22/2020,5:55
64,28,7/7/2020,11:30
94,26,3/3/2020,9:00
79,151,4/19/2020,21:34
37,25,5/24/2020,23:49
51,168,3/30/2020,1:19
10,90,7/6/2020,2:35
98,216,6/23/2020,22:30
94,92,7/10/2020,23:40
58,276,1/16/2020,14:37
19,50,7/1/2020,21:08
80,257,10/14/2019,18:41
85,46,5/12/2020,5:32
6,42,4/29/2020,1:00
70,117,7/23/2020,3:00
65,12,3/29/2020,8:54
60,190,3/8/2020,2:01
47,235,3/29/2020,8:02
37,184,6/21/2020,11:18
1,8,6/22/2020,8:17
26,101,12/28/2019,22:44
1,239,8/26/2020,9:02
15,111,5/18/2020,2:06
99,95,1/14/2020,15:53
53,142,6/27/2020,12:39
32,181,11/25/2019,20:20
9,46,1/19/2020,15:28
59,8,12/9/2019,8:46
29,152,1/16/2020,20:47
89,184,1/28/2020,2:28
30,17,8/29/2020,5:23
60,282,2/25/2020,6:32
82,91,6/17/2020,15:47
73,77,11/6/2019,19:27
37,219,9/26/2020,0:10
94,56,6/30/2020,22:23
33,244,1/24/2020,17:29
88,283,6/1/2020,15:53
70,200,3/29/2020,15:48
19,7,6/23/2020,13:44
30,123,6/2/2020,15:43
84,96,7/19/2020,22:57
93,15,4/6/2020,2:33
41,43,3/1/2020,9:28
40,245,3/20/2020,2:31
78,116,6/21/2020,16:48
25,102,4/12/2020,23:42
16,137,12/31/2019,15:36
21,143,7/7/2020,22:14
36,43,7/26/2020,13:33
44,284,1/15/2020,18:20
46,225,8/9/2020,21:36
60,233,2/19/2020,3:23
63,75,3/1/2020,20:21
61,189,6/4/2020,0:33
71,118,1/15/2020,6:38
83,119,11/16/2019,1:17
23,37,1/15/2020,23:04
88,149,4/7/2020,16:11
50,21,8/20/2020,18:49
5,215,3/2/2020,19:52
23,68,10/17/2019,9:13
77,224,2/8/2020,14:08
34,213,9/23/2020,15:06
91,129,10/24/2019,10:22
96,271,9/5/2020,6:36
21,14,7/31/2020,15:19
94,224,6/15/2020,0:36
56,188,6/21/2020,0:03
75,101,10/25/2019,19:14
38,8,5/11/2020,1:09
5,5,4/7/2020,15:42
82,18,11/21/2019,19:34
98,33,3/28/2020,9:45
70,219,1/26/2020,23:25
30,173,3/24/2020,22:51
41,69,5/23/2020,15:03
46,80,5/24/2020,18:58
2,78,5/20/2020,5:56
59,248,4/9/2020,17:15
95,272,2/12/2020,15:06
2,181,8/12/2020,10:19
36,13,8/29/2020,16:21
43,234,1/18/2020,7:48
47,267,2/3/2020,0:41
26,139,9/28/2020,19:34
55,126,2/13/2020,14:46
91,245,7/9/2020,15:08
53,273,5/26/2020,13:33
78,221,11/4/2019,22:17
96,134,8/16/2020,18:00
47,251,11/18/2019,19:56
83,163,10/10/2020,22:25
57,189,6/9/2020,14:29
20,187,5/11/2020,2:01
16,32,6/13/2020,2:30
47,112,1/10/2020,2:36
28,175,8/12/2020,12:17
59,292,4/22/2020,6:22
35,62,3/17/2020,12:18
55,289,4/20/2020,17:32
97,225,9/26/2020,12:42
21,77,11/20/2019,17:19
58,15,3/11/2020,19:14
11,133,5/26/2020,3:15
75,246,5/2/2020,21:00
100,261,4/3/2020,0:06
71,62,11/5/2019,11:03
5,231,9/6/2020,18:22
53,223,12/13/2019,10:54
17,85,8/6/2020,2:18
44,216,6/7/2020,9:48
69,131,9/2/2020,5:39
65,38,1/18/2020,20:34
48,198,9/6/2020,12:32
1,239,12/2/2019,15:25
30,125,6/21/2020,17:06
66,43,8/30/2020,6:51
100,191,1/20/2020,12:35
60,250,11/7/2019,11:54
87,295,1/24/2020,18:18
34,19,5/21/2020,17:37
77,288,3/30/2020,16:19
52,249,2/7/2020,11:48
28,254,1/16/2020,18:10
46,251,3/31/2020,5:20
34,159,4/26/2020,20:47
35,199,4/27/2020,14:42
55,173,11/10/2019,23:11
13,124,6/7/2020,18:21
84,110,3/29/2020,15:20
84,271,6/15/2020,13:58
100,270,8/9/2020,12:54
39,137,8/16/2020,22:33
33,87,12/24/2019,15:45
75,96,1/16/2020,4:43
34,216,12/9/2019,19:28
11,130,2/5/2020,8:44
6,43,7/12/2020,15:29
6,84,12/4/2019,8:05
43,194,5/13/2020,10:50
100,174,4/8/2020,16:59
70,297,10/2/2020,20:36
60,117,8/30/2020,0:57
84,246,11/10/2019,18:56
86,274,6/10/2020,16:28
82,117,2/2/2020,12:23
5,152,2/11/2020,2:11
26,226,5/7/2020,1:00
72,132,2/29/2020,9:48
14,195,3/12/2020,3:29
50,4,10/8/2020,9:05
50,26,6/14/2020,17:50
10,101,12/14/2019,21:50
33,287,8/4/2020,18:25
67,23,5/18/2020,20:30
13,18,1/12/2020,13:16
67,114,12/13/2019,0:06
70,18,2/2/2020,18:12
29,62,3/8/2020,1:58
35,269,7/8/2020,5:06
89,10,5/28/2020,3:46
24,134,9/7/2020,16:59
48,98,4/24/2020,17:07
86,104,3/2/2020,5:50
71,56,4/17/2020,7:58
68,12,8/19/2020,3:31
76,223,12/15/2019,3:36
37,70,5/22/2020,14:36
74,235,5/2/2020,5:43
86,197,5/19/2020,2:49
64,69,9/19/2020,7:25
19,219,12/11/2019,17:21
30,219,9/27/2020,7:00
45,74,10/23/2019,11:38
66,255,6/24/2020,19:20
74,214,12/23/2019,5:32
46,232,8/6/2020,8:31
58,248,2/24/2020,8:08
81,53,5/18/2020,23:45
55,87,9/30/2020,4:09
94,214,1/27/2020,1:16
64,286,2/8/2020,10:54
82,21,10/25/2019,5:42
10,270,6/30/2020,17:23
16,135,12/23/2019,18:08
46,137,8/9/2020,19:49
36,263,11/15/2019,22:53
39,264,4/9/2020,10:13
83,7,5/14/2020,3:47
14,178,4/27/2020,14:09
46,290,10/22/2019,6:44
65,161,5/9/2020,22:57
83,139,4/9/2020,22:23
16,99,3/29/2020,5:34
9,118,9/7/2020,4:11
39,59,6/27/2020,13:33
32,258,12/8/2019,14:19
68,210,10/18/2019,11:36
43,124,1/1/2020,19:25
12,122,11/14/2019,6:41
100,6,7/22/2020,9:43
37,106,4/10/2020,4:57
32,258,1/9/2020,21:02
40,12,3/12/2020,3:14
53,43,12/16/2019,17:09
94,203,4/5/2020,14:34
85,208,9/12/2020,17:02
87,20,4/23/2020,19:39
15,284,10/30/2019,17:49
43,199,10/29/2019,14:36
33,159,4/30/2020,3:21
62,255,1/25/2020,3:39
41,204,5/27/2020,7:44
81,179,5/5/2020,19:52
94,61,5/16/2020,4:51
86,283,1/16/2020,7:45
47,3,4/15/2020,12:42
77,112,7/30/2020,17:28
5,276,3/9/2020,14:49
76,270,12/14/2019,17:12
14,134,10/24/2019,2:07
24,205,1/1/2020,8:44
55,72,4/24/2020,21:28
89,195,7/1/2020,20:07
75,154,9/8/2020,4:30
46,171,5/14/2020,21:55
46,70,2/3/2020,6:17
72,102,7/20/2020,2:04
68,259,1/30/2020,23:25
2,146,12/17/2019,3:28
32,225,11/20/2019,10:54
65,178,3/23/2020,0:20
55,245,2/24/2020,1:34
13,135,11/4/2019,5:12
77,49,9/18/2020,1:15
35,188,9/19/2020,23:09
64,28,3/3/2020,23:46
60,69,10/2/2020,4:50
40,187,10/21/2019,22:28
82,86,6/19/2020,10:31
32,278,10/7/2020,16:06
69,274,7/23/2020,6:59
62,249,11/13/2019,6:39
47,1,3/23/2020,14:43
20,186,7/13/2020,4:41
68,239,12/18/2019,7:42
73,297,4/12/2020,7:08
75,273,10/20/2019,22:53
90,293,3/12/2020,3:57
42,183,5/7/2020,15:33
77,88,4/17/2020,11:02
82,28,8/11/2020,16:10
79,241,5/26/2020,3:03
57,236,2/9/2020,3:06
51,188,7/9/2020,6:03
77,177,8/1/2020,13:22
19,201,8/5/2020,1:29
14,182,7/25/2020,20:13
94,170,5/8/2020,10:00
15,87,11/22/2019,2:07
62,138,7/22/2020,14:13
28,275,8/9/2020,20:28
68,230,5/22/2020,1:12
13,204,9/14/2020,2:22
93,120,3/27/2020,8:04
71,189,8/20/2020,14:57
41,151,7/3/2020,6:08
77,23,11/2/2019,20:26
24,104,1/7/2020,23:01
61,14,1/23/2020,7:46
89,270,10/24/2019,19:13
9,281,2/29/2020,8:02
50,265,11/5/2019,5:14
14,229,3/31/2020,16:52
93,288,3/6/2020,13:39
1,191,10/10/2020,6:40
88,288,11/1/2019,19:13
49,287,6/5/2020,18:01
35,58,3/8/2020,8:58
79,282,3/10/2020,2:13
63,118,4/25/2020,17:42
33,125,4/14/2020,6:59
53,104,12/17/2019,10:07
94,109,12/6/2019,3:02
5,108,3/17/2020,21:18
55,150,4/30/2020,15:25
53,67,3/16/2020,6:20
48,219,6/17/2020,2:08
22,164,6/16/2020,18:19
84,122,12/14/2019,14:23
24,143,11/10/2019,3:26
40,245,5/25/2020,6:21
51,86,1/28/2020,19:47
4,167,5/7/2020,15:58
89,206,11/6/2019,18:34
53,240,7/12/2020,0:16
75,253,3/2/2020,8:59
35,115,4/12/2020,17:25
92,56,5/11/2020,20:05
24,39,10/27/2019,8:26
40,86,11/26/2019,11:28
67,289,10/5/2020,22:41
94,142,9/24/2020,12:21
27,116,10/16/2019,17:54
32,80,6/5/2020,22:12
6,298,3/25/2020,16:02
73,14,10/8/2020,9:53
61,169,11/19/2019,18:54
79,196,1/11/2020,4:24
90,272,8/7/2020,1:40
27,45,7/1/2020,9:05
73,102,5/27/2020,13:45
90,55,12/24/2019,18:09
37,162,5/26/2020,8:22
17,70,4/28/2020,2:34
2,12,1/26/2020,9:46
87,169,3/8/2020,18:51
32,190,1/18/2020,11:42
23,41,12/28/2019,23:21
58,34,1/25/2020,3:00
16,201,12/20/2019,13:30
65,73,9/16/2020,21:02
33,190,8/11/2020,11:59
20,285,11/27/2019,3:10
93,34,9/4/2020,23:38
30,80,1/9/2020,5:08
66,239,11/20/2019,0:05
99,18,4/28/2020,7:01
36,220,7/3/2020,16:29
65,127,4/15/2020,5:47
45,64,1/10/2020,21:25
14,83,1/29/2020,18:25
19,215,1/15/2020,16:23
66,237,2/16/2020,22:38
71,113,12/31/2019,21:54
41,196,10/4/2020,7:32
25,12,4/1/2020,10:51
19,75,6/29/2020,2:01
27,66,4/6/2020,13:29
14,246,10/27/2019,14:43
51,59,5/29/2020,12:58
3,201,5/6/2020,19:43
61,61,7/11/2020,19:25
75,224,1/1/2020,5:33
82,97,11/22/2019,7:52
20,50,2/25/2020,13:06
8,154,12/7/2019,10:39
64,73,11/28/2019,4:55
51,131,10/11/2020,22:07
57,158,11/7/2019,18:42
69,185,10/30/2019,16:32
17,24,2/28/2020,13:52
75,276,5/9/2020,18:57
66,157,2/8/2020,15:54
69,17,9/11/2020,4:46
63,109,4/16/2020,1:50
16,87,5/7/2020,17:21
2,49,5/12/2020,15:32
35,6,3/21/2020,1:23
79,42,1/28/2020,0:07
55,209,6/4/2020,2:10
39,86,8/27/2020,5:39
43,145,12/5/2019,0:11
74,69,10/8/2020,15:57
81,105,12/19/2019,8:59
89,31,4/6/2020,22:44
36,28,7/14/2020,6:28
58,159,10/19/2019,10:29
74,238,1/26/2020,3:15
51,222,1/31/2020,2:52
23,225,11/28/2019,0:33
67,196,2/16/2020,7:53
76,38,4/25/2020,10:01
31,95,2/22/2020,12:03
11,286,7/7/2020,12:47
49,190,10/31/2019,14:35
25,132,6/29/2020,19:44
29,210,3/20/2020,10:13
85,233,4/5/2020,18:04
13,67,4/22/2020,8:27
1,30,6/16/2020,2:00
25,206,12/5/2019,6:58
45,40,5/22/2020,2:56
96,128,9/19/2020,18:44
24,181,3/22/2020,2:48
91,242,11/18/2019,2:27
31,115,1/22/2020,17:36
18,70,2/17/2020,3:34
6,73,8/22/2020,18:10
83,299,5/2/2020,21:27
35,276,9/22/2020,22:41
56,178,3/25/2020,6:25
26,195,6/15/2020,8:58
48,52,5/11/2020,2:16
11,274,12/24/2019,17:34
51,62,1/13/2020,2:22
11,260,2/29/2020,0:46
53,280,11/4/2019,4:28
75,46,3/12/2020,1:42
3,242,2/25/2020,15:44
15,56,8/16/2020,2:41
5,187,5/27/2020,4:58
10,33,10/19/2019,18:01
96,139,4/7/2020,17:10
78,204,2/19/2020,8:10
68,54,1/28/2020,3:48
33,242,12/15/2019,12:46
13,166,11/21/2019,7:33
64,243,4/14/2020,6:57
56,179,1/1/2020,9:35
9,266,7/25/2020,4:31
64,229,6/27/2020,10:09
28,117,3/2/2020,15:55
19,217,5/26/2020,0:37
100,123,3/20/2020,5:35
88,274,11/6/2019,13:54
57,247,5/7/2020,20:47
35,262,3/26/2020,3:51
31,10,11/11/2019,5:12
6,277,10/7/2020,3:12
40,78,11/12/2019,3:14
43,155,3/11/2020,10:25
10,113,4/22/2020,9:47
65,211,10/25/2019,21:25
32,3,12/20/2019,1:02
85,37,12/23/2019,16:11
56,97,10/22/2019,9:07
72,299,5/2/2020,2:55
74,42,3/8/2020,19:12
3,193,8/14/2020,12:06
29,265,2/10/2020,2:56
62,185,2/25/2020,9:08
92,143,10/1/2020,23:07
41,179,1/13/2020,0:35
77,187,7/28/2020,17:38
21,68,2/11/2020,19:56
93,41,7/5/2020,1:46
62,161,4/14/2020,22:54
6,216,4/11/2020,20:27
7,198,10/5/2020,4:02
91,86,10/14/2019,12:04
15,199,8/10/2020,7:02
18,178,4/3/2020,7:36
54,196,7/14/2020,11:25
41,277,2/14/2020,7:24
58,260,6/24/2020,4:29
19,99,11/5/2019,7:18
11,80,10/22/2019,13:21
52,180,1/17/2020,2:44
97,189,5/2/2020,5:16
73,160,2/28/2020,5:41
8,225,4/5/2020,11:10
42,137,11/12/2019,9:41
17,249,3/3/2020,4:14
14,166,6/9/2020,2:43
48,292,9/25/2020,19:33
9,241,3/12/2020,19:35
14,231,3/12/2020,12:08
89,74,6/30/2020,16:22
7,38,5/27/2020,3:38
52,286,10/1/2020,10:05
24,134,2/26/2020,17:08
6,47,12/22/2019,4:32
11,71,9/6/2020,9:23
97,13,2/9/2020,16:42
22,95,7/31/2020,21:34
83,9,12/1/2019,0:15
30,148,7/28/2020,14:14
83,49,6/10/2020,13:16
73,247,11/24/2019,8:03
47,55,1/7/2020,3:39
1,97,9/14/2020,5:24
2,251,1/1/2020,21:54
60,103,8/24/2020,10:44
44,40,1/9/2020,22:20
46,94,2/1/2020,1:10
24,4,12/14/2019,5:12
85,134,12/12/2019,19:22
71,71,8/11/2020,0:06
40,216,2/10/2020,22:26
9,195,12/22/2019,8:26
28,263,10/9/2020,19:44
61,69,6/29/2020,1:39
61,112,11/24/2019,11:50
72,271,3/9/2020,7:20
35,179,10/10/2020,19:31
67,55,8/31/2020,0:51
13,24,12/9/2019,13:01
43,150,4/18/2020,11:13
30,48,1/8/2020,10:25
75,264,11/7/2019,14:35
43,163,5/13/2020,9:14
6,281,10/6/2020,10:26
25,154,6/23/2020,2:56
25,154,11/23/2019,5:49
46,190,6/10/2020,3:42
4,285,1/1/2020,21:15
54,204,5/20/2020,11:59
43,58,10/11/2020,9:27
21,142,9/23/2020,1:25
10,172,10/1/2020,2:00
24,290,12/31/2019,15:20
61,21,1/20/2020,23:40
83,174,2/23/2020,14:13
92,257,7/6/2020,20:59
20,277,7/24/2020,12:57
67,196,3/9/2020,16:16
14,258,3/2/2020,1:45
45,87,10/22/2019,16:45
43,71,7/3/2020,13:57
100,249,11/25/2019,13:31
10,251,2/13/2020,7:28
94,201,1/16/2020,12:33
63,273,5/5/2020,6:22
13,134,8/11/2020,20:01
96,52,10/17/2019,11:31
23,271,3/31/2020,3:57
37,50,4/29/2020,18:46
52,86,2/22/2020,0:28
29,70,10/9/2020,13:54
35,105,8/30/2020,23:06
71,226,1/10/2020,10:36
81,125,5/2/2020,14:59
6,228,12/20/2019,18:16
56,67,1/22/2020,18:47
43,156,9/30/2020,17:33
22,162,1/14/2020,20:40
36,249,10/24/2019,14:53
31,273,9/17/2020,20:44
99,240,9/16/2020,1:12
84,61,10/8/2020,15:25
90,87,11/27/2019,16:16
74,174,7/22/2020,22:27
33,148,6/21/2020,0:47
49,31,3/4/2020,22:37
12,159,2/8/2020,5:07
80,110,8/7/2020,18:39
15,21,2/26/2020,23:15
56,207,11/7/2019,10:58
29,215,6/20/2020,22:04
8,272,12/21/2019,12:21
4,267,1/5/2020,6:50
20,251,9/25/2020,13:38
77,234,11/21/2019,0:11
79,298,10/13/2019,21:35
54,192,7/1/2020,21:09
54,179,10/24/2019,7:57
78,186,1/4/2020,18:02
16,249,5/5/2020,11:22
95,290,5/4/2020,13:51
15,25,10/18/2019,8:10
8,51,1/7/2020,20:30
75,165,2/23/2020,0:43
43,233,6/3/2020,4:05
48,151,4/21/2020,14:47
78,60,8/22/2020,23:43
22,126,11/16/2019,2:07
44,62,3/25/2020,22:48
45,122,9/14/2020,17:13
66,183,10/26/2019,11:56
35,263,3/7/2020,14:35
45,179,11/1/2019,4:30
90,206,12/15/2019,0:32
77,39,8/21/2020,18:28
38,67,11/3/2019,16:27
89,291,12/17/2019,5:08
14,250,4/2/2020,12:11
84,270,1/26/2020,21:21
38,90,3/26/2020,2:15
69,227,10/7/2020,6:15
67,273,5/25/2020,12:08
95,147,11/23/2019,2:08
45,3,10/22/2019,3:22
40,161,4/27/2020,15:32
9,218,12/30/2019,13:12
73,110,10/24/2019,10:37
73,289,2/27/2020,21:36
86,136,7/5/2020,19:33
81,200,4/14/2020,12:39
44,76,9/13/2020,7:18
91,285,5/3/2020,8:12
48,220,11/15/2019,4:08
78,99,12/14/2019,3:36
26,39,6/3/2020,16:51
97,118,6/13/2020,23:39
49,176,5/29/2020,15:31
86,200,11/12/2019,22:00
66,181,1/2/2020,7:09
23,123,4/11/2020,18:40
33,294,8/17/2020,14:48
47,10,11/1/2019,13:50
19,242,4/28/2020,9:26
36,123,2/8/2020,3:58
65,272,6/5/2020,6:31
71,56,7/13/2020,4:28
76,235,12/7/2019,14:35
74,161,3/31/2020,1:24
96,163,8/23/2020,13:56
55,151,10/14/2019,11:31
9,177,4/4/2020,17:15
39,274,4/21/2020,23:10
96,65,10/23/2019,9:08
8,103,4/12/2020,17:41
75,15,7/10/2020,17:13
35,163,7/19/2020,7:05
31,2,11/29/2019,18:20
1,147,11/29/2019,16:06
9,110,12/5/2019,21:32
2,11,12/7/2019,1:00
92,52,10/24/2019,8:12
62,69,6/25/2020,2:01
50,79,7/16/2020,3:51
22,25,11/30/2019,0:47
89,20,1/12/2020,0:04
81,14,2/23/2020,12:23
64,263,10/22/2019,17:28
68,265,2/27/2020,1:45
65,110,2/21/2020,4:23
45,218,1/29/2020,19:13
23,106,5/27/2020,3:19
9,207,2/8/2020,19:31
1,140,6/10/2020,20:49
15,201,11/4/2019,23:05
46,210,2/9/2020,8:30
48,236,12/2/2019,3:37
22,256,5/8/2020,21:25
4,101,5/1/2020,2:31
85,275,8/10/2020,4:10
79,282,11/9/2019,3:41
14,253,2/16/2020,6:25
96,30,12/4/2019,1:04
50,275,11/28/2019,13:41
19,236,8/20/2020,5:04
50,73,8/8/2020,11:54
61,267,5/22/2020,9:58
34,71,6/20/2020,2:14
40,172,5/2/2020,15:46
26,216,2/27/2020,18:42
4,231,8/23/2020,20:47
95,219,2/25/2020,6:17
53,123,7/7/2020,16:47
80,38,10/3/2020,8:56
36,125,12/4/2019,12:50
46,6,6/19/2020,0:40
38,265,6/18/2020,18:54
58,34,12/5/2019,10:27
18,265,7/10/2020,13:25
37,207,11/8/2019,3:56
36,250,3/7/2020,8:17
68,286,6/14/2020,1:58
68,44,9/13/2020,4:37
59,103,4/11/2020,20:14
11,47,3/24/2020,14:39
43,199,6/20/2020,6:48
50,59,5/26/2020,19:35
64,294,5/9/2020,17:00
47,57,8/23/2020,13:40
66,188,9/19/2020,6:21
30,71,10/11/2020,15:51
25,10,3/23/2020,23:31
24,76,8/5/2020,4:30
84,166,1/25/2020,7:01
30,207,12/16/2019,11:52
40,241,8/1/2020,3:46
72,234,5/25/2020,9:47
6,156,3/14/2020,17:59
52,287,9/21/2020,4:56
71,11,4/27/2020,5:56
31,198,10/14/2019,23:04
35,251,7/28/2020,16:02
9,257,5/28/2020,8:18
41,286,11/29/2019,1:15
5,176,11/30/2019,10:30
48,159,11/28/2019,17:14
73,236,7/5/2020,1:18
58,129,12/10/2019,9:30
71,276,11/13/2019,0:29
75,86,3/20/2020,16:29
49,120,9/26/2020,6:33
45,152,5/12/2020,21:04
13,58,1/21/2020,18:55
11,90,10/13/2019,18:42
85,57,3/27/2020,6:46
82,5,3/23/2020,2:38
56,72,10/19/2019,3:25
77,49,8/22/2020,11:21
87,60,2/24/2020,9:15
71,129,9/19/2020,21:36
38,219,6/13/2020,16:16
26,173,7/28/2020,10:04
24,241,9/20/2020,6:42
80,142,9/14/2020,11:48
4,188,8/30/2020,19:04
49,24,1/21/2020,23:05
88,121,10/8/2020,20:01
38,4,5/16/2020,9:57
63,33,7/1/2020,2:15
5,89,7/4/2020,14:29
52,36,7/24/2020,11:06
18,216,9/7/2020,22:32
8,18,12/16/2019,16:45
53,158,10/23/2019,12:46
64,297,3/16/2020,20:49
35,93,1/20/2020,9:55
94,135,10/15/2019,11:36
28,59,11/11/2019,14:05
69,190,11/29/2019,11:30
31,37,9/11/2020,0:32
9,188,11/4/2019,7:51
93,292,9/1/2020,2:52
67,138,11/11/2019,18:34
45,106,12/2/2019,9:04
14,166,6/27/2020,20:31
15,204,10/4/2020,12:38
89,254,8/28/2020,13:39
35,35,5/8/2020,14:46
36,98,7/28/2020,7:15
34,146,10/2/2020,0:48
8,140,2/9/2020,21:58
86,211,5/19/2020,8:03
68,64,2/10/2020,10:41
89,14,8/4/2020,18:59
4,139,3/23/2020,23:58
6,271,11/10/2019,23:22
31,90,10/21/2019,22:38
9,54,3/7/2020,1:36
42,140,3/10/2020,9:19
37,167,1/1/2020,22:16
96,18,12/27/2019,2:26
63,276,3/11/2020,5:16
84,213,8/26/2020,11:08
19,61,1/29/2020,0:07
9,126,10/21/2019,1:36
48,118,12/17/2019,8:08
79,8,5/30/2020,8:00
24,232,11/15/2019,6:35
26,216,8/19/2020,11:46
99,67,3/25/2020,20:06
75,31,9/18/2020,19:36
87,191,3/16/2020,23:29
71,140,10/7/2020,18:55
13,238,1/19/2020,7:06
74,273,2/20/2020,13:33
36,140,2/22/2020,2:28
71,9,11/9/2019,5:12
82,249,10/2/2020,2:25
30,157,11/20/2019,20:19
93,146,5/28/2020,5:42
22,180,10/30/2019,15:52
53,258,2/6/2020,16:36
19,77,7/23/2020,22:30
4,40,6/12/2020,2:34
50,285,9/1/2020,6:20
14,44,2/3/2020,9:18
78,283,8/5/2020,22:19
65,202,9/8/2020,17:33
90,258,8/31/2020,10:35
31,79,6/28/2020,8:17
28,86,7/5/2020,1:50
44,262,6/25/2020,13:09
32,172,4/29/2020,23:11
2,237,4/8/2020,13:19
23,84,7/9/2020,6:44
26,59,6/5/2020,14:30
36,95,3/3/2020,14:44
43,249,3/8/2020,22:01
2,66,2/9/2020,10:27
49,96,5/1/2020,2:29
80,58,8/9/2020,7:16
66,292,10/29/2019,20:10
68,254,5/30/2020,11:12
41,108,3/24/2020,22:45
83,140,10/28/2019,14:19
86,136,3/28/2020,12:05
14,12,5/20/2020,17:31
70,9,11/8/2019,3:45
64,55,4/12/2020,8:43
23,225,11/20/2019,12:09
30,187,5/14/2020,7:55
3,83,11/4/2019,23:36
11,224,4/16/2020,6:44
56,173,11/9/2019,4:03
44,144,11/1/2019,5:21
53,158,3/14/2020,5:27
11,2,3/10/2020,7:19
18,42,1/5/2020,8:04
74,14,3/17/2020,10:57
79,249,12/12/2019,15:35
63,293,4/28/2020,0:51
95,125,8/5/2020,6:40
59,148,4/23/2020,4:26
84,85,7/17/2020,13:35
79,119,3/22/2020,11:39
69,72,2/22/2020,11:42
19,180,7/21/2020,0:57
19,97,2/29/2020,16:05
84,284,8/14/2020,15:26
88,290,4/6/2020,13:00
100,188,1/9/2020,8:57
59,272,3/22/2020,6:19
32,190,6/17/2020,6:41
23,121,5/9/2020,9:55
39,197,7/5/2020,23:51
67,101,1/13/2020,2:44
82,6,1/11/2020,9:26
62,199,8/5/2020,17:10
98,5,11/18/2019,19:53
11,82,1/3/2020,15:36
70,197,3/31/2020,21:02
20,167,9/3/2020,15:43
65,108,3/2/2020,23:35
22,189,4/28/2020,11:40
40,284,5/29/2020,19:59
43,90,10/6/2020,14:35
88,40,12/5/2019,22:04
63,12,5/1/2020,17:40
28,267,2/9/2020,11:41
70,136,10/27/2019,20:30
84,4,7/20/2020,19:13
33,168,10/11/2020,15:22
49,126,4/20/2020,17:22
36,70,10/15/2019,21:07
1,43,5/19/2020,9:18
96,126,7/31/2020,16:00
72,124,8/19/2020,15:33
59,119,10/26/2019,16:21
70,134,9/30/2020,7:26
23,150,4/10/2020,12:20
77,154,4/8/2020,13:31
47,293,4/30/2020,11:03
17,227,10/11/2020,15:35
93,249,12/22/2019,11:24
48,247,11/9/2019,2:17
12,6,10/29/2019,7:09
59,165,11/21/2019,6:41
83,139,10/16/2019,11:40
51,91,2/13/2020,0:03
29,56,5/10/2020,17:16
100,6,6/19/2020,20:04
84,241,1/30/2020,19:06
45,152,5/2/2020,3:19
92,88,9/4/2020,1:11
17,207,1/24/2020,21:44
66,223,2/15/2020,11:25
67,269,8/12/2020,8:54
84,178,8/13/2020,16:57
71,224,12/9/2019,20:00
96,266,4/22/2020,17:34
57,76,10/11/2020,7:17
49,294,10/22/2019,20:05
95,215,6/4/2020,15:50
29,57,9/7/2020,16:12
56,132,5/8/2020,23:11
40,183,11/16/2019,13:06
88,226,12/3/2019,22:52
4,35,12/2/2019,12:12
26,167,10/5/2020,5:47
74,208,3/15/2020,9:57
100,269,1/14/2020,11:15
58,52,11/30/2019,4:20
95,173,6/3/2020,12:50
99,50,11/8/2019,15:45
48,28,4/7/2020,12:20
94,101,10/11/2020,10:58
94,21,3/9/2020,8:01
97,276,6/2/2020,16:29
80,97,12/31/2019,4:00
34,128,9/13/2020,2:37
21,201,11/12/2019,23:28
23,249,1/29/2020,21:06
70,210,8/1/2020,11:21
93,213,7/31/2020,14:39
12,205,1/6/2020,19:41
58,291,1/9/2020,16:46
62,113,8/2/2020,9:33
58,165,12/5/2019,20:33
20,225,12/23/2019,9:48
92,135,2/11/2020,19:35
36,267,7/3/2020,7:17
73,168,11/21/2019,19:50
59,208,7/4/2020,13:53
1,218,12/7/2019,7:40
40,289,10/3/2020,0:08
76,8,4/8/2020,0:59
4,56,9/24/2020,19:17
16,299,12/10/2019,18:17
23,289,7/18/2020,19:21
43,168,4/2/2020,14:49
22,164,7/9/2020,0:52
89,169,6/11/2020,21:50
82,138,7/8/2020,0:39
72,160,9/12/2020,9:35
3,200,1/24/2020,6:58
62,169,7/2/2020,6:59
80,93,9/26/2020,0:34
48,92,1/27/2020,1:10
47,45,5/23/2020,2:25
17,94,4/28/2020,11:53
9,206,12/12/2019,1:52
99,182,9/5/2020,23:57
52,152,10/1/2020,22:58
79,96,11/27/2019,13:27
90,217,12/27/2019,12:32
44,75,11/7/2019,5:27
88,166,2/6/2020,8:30
11,262,9/10/2020,4:33
97,280,11/15/2019,4:42
24,273,3/9/2020,18:02
92,25,11/23/2019,19:09
12,237,8/1/2020,22:11
68,233,8/12/2020,11:12
1,136,12/29/2019,22:37
51,253,9/18/2020,17:22
33,229,7/16/2020,16:02
30,176,8/11/2020,18:44
20,25,8/25/2020,15:03
89,242,8/10/2020,0:58
44,108,1/3/2020,13:56
34,173,8/11/2020,21:40
67,149,8/30/2020,1:30
73,46,1/8/2020,10:27
54,139,12/18/2019,21:58
